"273068","8","-125","-12","-92","-2","2021-05-24 13:09:28"
"273072","8","-127","-14","-92","-3","2021-05-24 13:09:30"
"273076","8","-126","-13","-92","-1","2021-05-24 13:09:32"
"273080","8","-127","-14","-93","-3","2021-05-24 13:09:34"
"273084","8","-124","-12","-92","-1","2021-05-24 13:09:36"
"273088","8","-125","-12","-92","-1","2021-05-24 13:09:38"
"273092","8","-125","-13","-92","-2","2021-05-24 13:09:40"
"273096","8","-124","-12","-92","0","2021-05-24 13:09:42"
"407272","8","-131","-18","-93","-7","2021-05-28 01:39:57"
"407273","8","-131","-18","-93","-7","2021-05-28 01:39:59"
"407274","8","-131","-18","-93","-7","2021-05-28 01:40:01"
"407275","8","-131","-18","-93","-7","2021-05-28 01:40:03"
"407276","8","-131","-18","-93","-7","2021-05-28 01:40:04"
"407277","8","-132","-19","-93","-7","2021-05-28 01:40:06"
"407278","8","-131","-19","-92","-7","2021-05-28 01:40:08"
"407279","8","-131","-18","-93","-7","2021-05-28 01:40:10"
"407280","8","-131","-18","-93","-7","2021-05-28 01:40:12"
"407281","8","-131","-18","-93","-7","2021-05-28 01:40:14"
"407282","8","-130","-18","-92","-6","2021-05-28 01:40:16"
"407283","8","-130","-17","-93","-7","2021-05-28 01:57:31"
"407284","8","-130","-17","-93","-7","2021-05-28 01:57:33"
"407285","8","-131","-18","-92","-7","2021-05-28 01:57:35"
"407286","8","-131","-18","-92","-7","2021-05-28 01:57:37"
"407287","8","-130","-17","-93","-7","2021-05-28 02:07:43"
"407288","8","-131","-18","-93","-7","2021-05-28 02:07:45"
"407289","8","-131","-18","-93","-7","2021-05-28 02:07:47"
"407290","8","-131","-18","-92","-7","2021-05-28 02:07:49"
"407291","8","-130","-18","-92","-7","2021-05-28 02:07:51"
"407292","8","-130","-17","-93","-7","2021-05-28 02:07:53"
"407293","8","-130","-17","-93","-6","2021-05-28 02:07:55"
"407294","8","-130","-17","-93","-6","2021-05-28 02:07:57"
"407295","8","-130","-17","-93","-7","2021-05-28 02:07:59"
"407296","8","-130","-17","-93","-6","2021-05-28 02:08:01"
"407297","8","-130","-17","-93","-6","2021-05-28 02:08:03"
"407298","8","-130","-17","-93","-6","2021-05-28 02:08:05"
"407299","8","-131","-18","-93","-7","2021-05-28 02:10:46"
"407300","8","-130","-17","-93","-7","2021-05-28 02:11:11"
"407301","8","-130","-17","-93","-7","2021-05-28 02:11:31"
"407302","8","-130","-17","-93","-6","2021-05-28 02:11:53"
"407303","8","-130","-17","-93","-7","2021-05-28 02:12:43"
"407304","8","-130","-17","-93","-7","2021-05-28 02:12:45"
"407305","8","-130","-17","-93","-7","2021-05-28 02:12:47"
"407306","8","-130","-17","-93","-6","2021-05-28 02:15:29"
"407307","8","-130","-17","-93","-7","2021-05-28 02:15:30"
"407308","8","-130","-17","-93","-6","2021-05-28 02:15:32"
"407309","8","-130","-16","-93","-6","2021-05-28 02:15:34"
"407310","8","-130","-16","-93","-6","2021-05-28 02:15:35"
"407311","8","-130","-17","-93","-6","2021-05-28 02:15:37"
"407312","8","-129","-17","-92","-6","2021-05-28 02:15:39"
"407392","8","-129","-17","-92","-6","2021-05-28 03:53:33"
"407393","8","-129","-17","-92","-6","2021-05-28 03:53:35"
"407394","8","-128","-16","-92","-6","2021-05-28 03:53:37"
"407395","8","-129","-17","-92","-6","2021-05-28 03:53:39"
"407396","8","-129","-17","-92","-6","2021-05-28 03:53:41"
"407397","8","-129","-17","-92","-6","2021-05-28 03:53:43"
"407398","8","-129","-17","-92","-7","2021-05-28 03:53:45"
"407399","8","-130","-18","-92","-7","2021-05-28 03:53:47"
"407400","8","-130","-18","-92","-7","2021-05-28 03:53:49"
"407401","8","-129","-17","-92","-6","2021-05-28 03:53:51"
"407402","8","-130","-18","-92","-7","2021-05-28 03:53:53"
"407403","8","-129","-17","-92","-7","2021-05-28 03:53:55"
"407404","8","-129","-17","-92","-7","2021-05-28 03:53:57"
"407405","8","-129","-17","-92","-7","2021-05-28 03:53:58"
"407406","8","-130","-18","-92","-7","2021-05-28 03:54:00"
"407407","8","-129","-17","-92","-6","2021-05-28 03:54:02"
"407408","8","-130","-18","-92","-7","2021-05-28 03:54:04"
"407409","8","-130","-18","-92","-7","2021-05-28 03:54:06"
"407410","8","-130","-18","-92","-7","2021-05-28 03:54:08"
"407411","8","-131","-19","-92","-7","2021-05-28 03:54:10"
"407412","8","-130","-18","-92","-7","2021-05-28 03:54:12"
"407413","8","-130","-18","-91","-7","2021-05-28 03:54:14"
"407414","8","-130","-18","-92","-7","2021-05-28 03:54:16"
"407415","8","-129","-17","-92","-6","2021-05-28 03:54:18"
"407416","8","-129","-17","-92","-7","2021-05-28 03:54:20"
"407417","8","-129","-17","-92","-7","2021-05-28 03:54:22"
"407418","8","-129","-17","-92","-7","2021-05-28 03:54:24"
"407419","8","-129","-17","-92","-7","2021-05-28 03:54:26"
"407420","8","-130","-18","-92","-7","2021-05-28 03:54:28"
"407421","8","-130","-18","-92","-7","2021-05-28 03:54:30"
"407422","8","-130","-18","-92","-8","2021-05-28 03:54:32"
"407423","8","-129","-17","-92","-7","2021-05-28 03:54:34"
"407424","8","-130","-18","-92","-7","2021-05-28 03:54:36"
"407425","8","-129","-17","-92","-7","2021-05-28 03:54:38"
"407426","8","-130","-18","-92","-7","2021-05-28 03:54:40"
"407427","8","-129","-17","-92","-7","2021-05-28 03:54:42"
"407428","8","-130","-18","-92","-7","2021-05-28 03:54:44"
"407429","8","-129","-17","-92","-6","2021-05-28 03:54:46"
"407430","8","-129","-17","-92","-6","2021-05-28 03:54:48"
"407431","8","-129","-17","-92","-6","2021-05-28 03:54:50"
"407432","8","-129","-17","-92","-6","2021-05-28 03:54:52"
"407433","8","-129","-17","-92","-6","2021-05-28 03:54:54"
"407434","8","-129","-17","-92","-7","2021-05-28 03:54:56"
"407435","8","-129","-17","-92","-7","2021-05-28 03:54:58"
"407436","8","-129","-17","-92","-6","2021-05-28 03:55:00"
"407437","8","-130","-18","-92","-6","2021-05-28 03:55:02"
"407438","8","-129","-17","-92","-7","2021-05-28 03:55:04"
"407439","8","-129","-17","-92","-6","2021-05-28 03:55:06"
"407440","8","-130","-18","-92","-6","2021-05-28 03:55:07"
"407441","8","-130","-17","-92","-6","2021-05-28 03:55:09"
"407442","8","-129","-16","-92","-6","2021-05-28 03:55:11"
"407443","8","-128","-17","-92","-6","2021-05-28 03:55:13"
"407444","8","-129","-17","-92","-6","2021-05-28 03:55:15"
"407445","8","-129","-17","-92","-6","2021-05-28 03:55:17"
"407446","8","-129","-17","-92","-6","2021-05-28 03:55:19"
"407447","8","-129","-17","-92","-6","2021-05-28 03:55:21"
"407448","8","-129","-17","-92","-6","2021-05-28 03:55:23"
"407449","8","-128","-16","-92","-5","2021-05-28 03:55:25"
"407450","8","-129","-17","-92","-6","2021-05-28 03:55:27"
"407451","8","-128","-16","-92","-6","2021-05-28 03:55:29"
"407452","8","-129","-17","-92","-6","2021-05-28 03:55:31"
"407453","8","-129","-17","-92","-6","2021-05-28 03:55:33"
"407454","8","-129","-17","-92","-6","2021-05-28 03:55:35"
"407455","8","-129","-17","-92","-6","2021-05-28 03:55:37"
"407456","8","-129","-17","-92","-6","2021-05-28 03:55:39"
"407457","8","-129","-17","-92","-6","2021-05-28 03:55:41"
"407458","8","-128","-16","-92","-6","2021-05-28 03:55:43"
"407459","8","-128","-16","-92","-6","2021-05-28 03:55:45"
"407460","8","-128","-16","-92","-6","2021-05-28 03:55:47"
"407461","8","-129","-17","-92","-6","2021-05-28 03:55:49"
"407462","8","-129","-17","-92","-6","2021-05-28 03:55:51"
"407463","8","-129","-17","-92","-6","2021-05-28 03:55:53"
"407464","8","-129","-17","-92","-6","2021-05-28 03:55:55"
"407465","8","-130","-18","-92","-7","2021-05-28 03:55:57"
"407466","8","-129","-18","-91","-6","2021-05-28 03:55:59"
"407467","8","-130","-18","-92","-7","2021-05-28 03:56:01"
"407468","8","-128","-16","-92","-6","2021-05-28 03:56:03"
"407469","8","-129","-17","-92","-6","2021-05-28 03:56:05"
"407470","8","-129","-17","-92","-6","2021-05-28 03:56:07"
"407471","8","-129","-17","-92","-6","2021-05-28 03:56:09"
"407472","8","-130","-18","-92","-7","2021-05-28 03:56:11"
"407473","8","-129","-18","-91","-7","2021-05-28 03:56:13"
"407474","8","-130","-18","-92","-7","2021-05-28 03:56:14"
"407475","8","-130","-18","-92","-7","2021-05-28 03:56:16"
"407476","8","-130","-18","-92","-7","2021-05-28 03:56:18"
"407477","8","-130","-18","-92","-7","2021-05-28 03:56:20"
"407478","8","-130","-18","-92","-7","2021-05-28 03:56:22"
"407479","8","-130","-18","-92","-7","2021-05-28 03:56:24"
"407480","8","-130","-18","-92","-7","2021-05-28 03:56:26"
"407481","8","-129","-17","-92","-7","2021-05-28 03:56:28"
"407482","8","-129","-17","-92","-7","2021-05-28 03:56:30"
"407483","8","-129","-17","-92","-6","2021-05-28 03:56:32"
"407484","8","-129","-17","-92","-6","2021-05-28 03:56:34"
"407485","8","-130","-18","-92","-7","2021-05-28 03:56:36"
"407486","8","-129","-17","-92","-6","2021-05-28 03:56:38"
"407487","8","-130","-18","-92","-6","2021-05-28 03:56:40"
"407488","8","-130","-18","-92","-6","2021-05-28 03:56:42"
"407489","8","-129","-17","-92","-6","2021-05-28 03:56:44"
"407490","8","-130","-18","-92","-7","2021-05-28 03:56:46"
"407491","8","-130","-18","-92","-7","2021-05-28 03:56:48"
"407492","8","-130","-18","-92","-7","2021-05-28 03:56:50"
"407493","8","-129","-17","-92","-6","2021-05-28 03:56:52"
"407494","8","-130","-18","-92","-7","2021-05-28 03:56:54"
"407495","8","-130","-18","-92","-7","2021-05-28 03:56:56"
"407496","8","-130","-18","-92","-6","2021-05-28 03:56:58"
"407497","8","-130","-18","-92","-6","2021-05-28 03:57:00"
"407498","8","-130","-18","-92","-7","2021-05-28 03:57:02"
"407499","8","-130","-18","-92","-7","2021-05-28 03:57:04"
"407500","8","-130","-18","-92","-7","2021-05-28 03:57:06"
"407501","8","-130","-18","-92","-7","2021-05-28 03:57:08"
"407502","8","-129","-17","-92","-7","2021-05-28 03:57:10"
"407503","8","-129","-17","-92","-6","2021-05-28 03:57:12"
"407504","8","-130","-18","-92","-7","2021-05-28 03:57:14"
"407505","8","-129","-17","-92","-6","2021-05-28 03:57:16"
"407506","8","-129","-17","-92","-7","2021-05-28 03:57:18"
"407507","8","-129","-17","-92","-6","2021-05-28 03:57:20"
"407508","8","-129","-17","-92","-7","2021-05-28 03:57:22"
"407509","8","-129","-17","-92","-6","2021-05-28 03:57:24"
"407510","8","-129","-18","-92","-7","2021-05-28 03:57:25"
"407511","8","-130","-18","-92","-6","2021-05-28 03:57:27"
"407512","8","-129","-17","-92","-7","2021-05-28 03:57:29"
"407513","8","-130","-18","-92","-6","2021-05-28 03:57:31"
"407514","8","-129","-17","-92","-7","2021-05-28 03:57:33"
"407515","8","-130","-18","-92","-7","2021-05-28 03:57:35"
"407516","8","-129","-17","-92","-7","2021-05-28 03:57:37"
"407517","8","-129","-17","-92","-7","2021-05-28 03:57:39"
"407518","8","-129","-17","-92","-6","2021-05-28 03:57:41"
"407519","8","-129","-17","-92","-6","2021-05-28 03:57:43"
"407520","8","-129","-17","-92","-6","2021-05-28 03:57:45"
"407521","8","-129","-17","-92","-6","2021-05-28 03:57:47"
"407522","8","-129","-17","-92","-6","2021-05-28 03:57:49"
"407523","8","-129","-17","-92","-6","2021-05-28 03:57:51"
"407524","8","-129","-17","-92","-6","2021-05-28 03:57:53"
"407525","8","-130","-18","-92","-6","2021-05-28 03:57:55"
"407526","8","-130","-18","-92","-7","2021-05-28 03:57:57"
"407527","8","-130","-18","-92","-6","2021-05-28 03:57:59"
"407528","8","-130","-18","-92","-7","2021-05-28 03:58:01"
"407529","8","-130","-18","-92","-7","2021-05-28 03:58:03"
"407530","8","-130","-18","-92","-7","2021-05-28 03:58:05"
"407531","8","-130","-18","-91","-6","2021-05-28 03:58:07"
"407532","8","-129","-17","-92","-6","2021-05-28 03:58:09"
"407533","8","-130","-18","-92","-7","2021-05-28 03:58:11"
"407534","8","-129","-17","-92","-7","2021-05-28 03:58:13"
"407535","8","-130","-18","-92","-7","2021-05-28 03:58:15"
"407536","8","-130","-18","-92","-7","2021-05-28 03:58:17"
"407537","8","-130","-18","-92","-6","2021-05-28 03:58:19"
"407538","8","-130","-18","-92","-7","2021-05-28 03:58:21"
"407539","8","-130","-18","-92","-7","2021-05-28 03:58:23"
"407540","8","-130","-18","-92","-7","2021-05-28 03:58:25"
"407541","8","-129","-17","-92","-6","2021-05-28 03:58:27"
"407542","8","-130","-18","-92","-7","2021-05-28 03:58:29"
"407543","8","-130","-18","-92","-7","2021-05-28 03:58:31"
"407544","8","-130","-19","-91","-7","2021-05-28 03:58:32"
"407545","8","-129","-17","-92","-7","2021-05-28 03:58:35"
"407546","8","-130","-18","-92","-7","2021-05-28 03:58:36"
"407547","8","-129","-17","-92","-6","2021-05-28 03:58:38"
"407548","8","-130","-18","-92","-7","2021-05-28 03:58:40"
"407549","8","-130","-18","-92","-7","2021-05-28 03:58:42"
"407550","8","-130","-18","-92","-7","2021-05-28 03:58:44"
"407551","8","-129","-17","-92","-6","2021-05-28 03:58:46"
"407552","8","-130","-18","-92","-7","2021-05-28 03:58:48"
"407553","8","-130","-18","-92","-6","2021-05-28 03:58:50"
"407554","8","-129","-17","-92","-7","2021-05-28 03:58:52"
"407555","8","-130","-18","-92","-7","2021-05-28 03:58:54"
"407556","8","-130","-18","-92","-7","2021-05-28 03:58:56"
"407557","8","-130","-18","-92","-7","2021-05-28 03:58:58"
"407558","8","-130","-18","-92","-7","2021-05-28 03:59:00"
"407559","8","-130","-18","-92","-7","2021-05-28 03:59:02"
"407560","8","-130","-18","-92","-7","2021-05-28 03:59:04"
"407561","8","-130","-18","-92","-6","2021-05-28 03:59:06"
"407562","8","-130","-18","-92","-7","2021-05-28 03:59:08"
"407563","8","-129","-17","-92","-6","2021-05-28 03:59:10"
"407564","8","-130","-18","-92","-7","2021-05-28 03:59:12"
"407565","8","-130","-18","-92","-7","2021-05-28 03:59:14"
"407566","8","-130","-18","-92","-7","2021-05-28 03:59:16"
"407567","8","-130","-18","-92","-7","2021-05-28 03:59:18"
"407568","8","-130","-18","-92","-7","2021-05-28 03:59:20"
"407569","8","-130","-18","-92","-7","2021-05-28 03:59:22"
"407570","8","-130","-18","-92","-7","2021-05-28 03:59:24"
"407571","8","-130","-18","-92","-6","2021-05-28 03:59:26"
"407572","8","-129","-17","-92","-7","2021-05-28 03:59:28"
"407573","8","-129","-17","-92","-7","2021-05-28 03:59:30"
"407574","8","-129","-17","-92","-6","2021-05-28 03:59:32"
"407575","8","-130","-18","-92","-7","2021-05-28 03:59:34"
"407576","8","-130","-18","-92","-7","2021-05-28 03:59:36"
"407577","8","-129","-17","-92","-6","2021-05-28 03:59:38"
"407578","8","-129","-17","-92","-6","2021-05-28 03:59:40"
"407579","8","-129","-17","-92","-6","2021-05-28 03:59:42"
"407580","8","-129","-17","-92","-6","2021-05-28 03:59:44"
"407581","8","-129","-17","-92","-6","2021-05-28 03:59:46"
"407582","8","-129","-17","-92","-7","2021-05-28 03:59:48"
"407583","8","-129","-17","-92","-7","2021-05-28 03:59:50"
"407584","8","-129","-17","-92","-7","2021-05-28 03:59:51"
"407585","8","-129","-17","-92","-7","2021-05-28 03:59:53"
"407586","8","-129","-17","-92","-6","2021-05-28 03:59:55"
"407587","8","-129","-17","-92","-6","2021-05-28 03:59:57"
"407588","8","-129","-17","-92","-6","2021-05-28 03:59:59"
"407589","8","-129","-17","-92","-6","2021-05-28 04:00:01"
"407590","8","-129","-17","-92","-6","2021-05-28 04:00:03"
"407591","8","-129","-17","-92","-6","2021-05-28 04:00:05"
"407592","8","-129","-17","-92","-6","2021-05-28 04:00:07"
"407593","8","-128","-16","-92","-6","2021-05-28 04:00:09"
"407594","8","-129","-17","-92","-6","2021-05-28 04:00:11"
"407595","8","-129","-17","-92","-6","2021-05-28 04:00:13"
"407596","8","-129","-17","-92","-6","2021-05-28 04:00:15"
"407597","8","-128","-16","-92","-6","2021-05-28 04:00:17"
"407598","8","-129","-17","-92","-7","2021-05-28 04:00:19"
"407599","8","-129","-17","-92","-7","2021-05-28 04:00:21"
"407600","8","-130","-18","-92","-7","2021-05-28 04:00:23"
"407601","8","-129","-17","-92","-7","2021-05-28 04:00:25"
"407602","8","-129","-17","-92","-7","2021-05-28 04:00:27"
"407603","8","-130","-18","-92","-7","2021-05-28 04:00:29"
"407604","8","-130","-18","-92","-7","2021-05-28 04:00:31"
"407605","8","-130","-18","-92","-7","2021-05-28 04:00:33"
"407606","8","-130","-18","-92","-7","2021-05-28 04:00:35"
"407607","8","-130","-18","-92","-7","2021-05-28 04:00:37"
"407608","8","-130","-18","-92","-7","2021-05-28 04:00:39"
"407609","8","-130","-18","-92","-7","2021-05-28 04:00:41"
"407610","8","-130","-18","-92","-7","2021-05-28 04:00:43"
"407611","8","-129","-17","-92","-7","2021-05-28 04:00:45"
"407612","8","-129","-17","-92","-6","2021-05-28 04:00:47"
"407613","8","-129","-17","-92","-7","2021-05-28 04:00:49"
"407614","8","-129","-17","-92","-6","2021-05-28 04:00:51"
"407615","8","-129","-17","-92","-7","2021-05-28 04:00:53"
"407616","8","-129","-17","-91","-6","2021-05-28 04:00:55"
"407617","8","-129","-17","-92","-7","2021-05-28 04:00:57"
"407618","8","-129","-17","-92","-6","2021-05-28 04:00:59"
"407619","8","-129","-17","-92","-6","2021-05-28 04:01:01"
"407620","8","-129","-17","-92","-6","2021-05-28 04:01:03"
"407621","8","-128","-16","-92","-5","2021-05-28 04:01:05"
"407622","8","-129","-17","-92","-6","2021-05-28 04:01:07"
"407623","8","-129","-17","-92","-6","2021-05-28 04:01:09"
"407624","8","-130","-18","-92","-7","2021-05-28 04:01:10"
"407625","8","-130","-18","-92","-6","2021-05-28 04:01:12"
"407626","8","-129","-18","-91","-6","2021-05-28 04:01:14"
"407627","8","-130","-18","-92","-6","2021-05-28 04:01:16"
"407628","8","-129","-17","-92","-7","2021-05-28 04:01:18"
"407629","8","-130","-18","-92","-7","2021-05-28 04:01:20"
"407630","8","-129","-17","-92","-6","2021-05-28 04:01:22"
"407631","8","-129","-17","-92","-6","2021-05-28 04:01:24"
"407632","8","-129","-17","-92","-6","2021-05-28 04:01:26"
"407633","8","-128","-16","-91","-6","2021-05-28 04:01:28"
"407634","8","-129","-17","-92","-6","2021-05-28 04:01:30"
"407635","8","-129","-17","-92","-6","2021-05-28 04:01:32"
"407636","8","-129","-17","-92","-6","2021-05-28 04:01:34"
"407637","8","-129","-17","-92","-7","2021-05-28 04:01:36"
"407638","8","-130","-18","-92","-7","2021-05-28 04:01:38"
"407639","8","-129","-17","-92","-6","2021-05-28 04:01:40"
"407640","8","-129","-17","-92","-6","2021-05-28 04:01:42"
"407641","8","-129","-17","-92","-7","2021-05-28 04:01:44"
"407642","8","-130","-18","-92","-7","2021-05-28 04:01:46"
"407643","8","-130","-18","-92","-7","2021-05-28 04:01:48"
"407644","8","-130","-18","-92","-7","2021-05-28 04:01:50"
"407645","8","-129","-17","-92","-6","2021-05-28 04:01:52"
"407646","8","-129","-17","-92","-7","2021-05-28 04:01:54"
"407647","8","-129","-17","-92","-6","2021-05-28 04:01:56"
"407648","8","-128","-16","-92","-6","2021-05-28 04:01:58"
"407649","8","-129","-17","-92","-6","2021-05-28 04:02:00"
"407650","8","-129","-17","-92","-6","2021-05-28 04:02:02"
"407651","8","-128","-16","-92","-6","2021-05-28 04:02:04"
"407652","8","-129","-17","-92","-6","2021-05-28 04:02:06"
"407653","8","-129","-17","-92","-6","2021-05-28 04:02:08"
"407654","8","-129","-17","-92","-6","2021-05-28 04:02:10"
"407655","8","-129","-17","-92","-6","2021-05-28 04:02:12"
"407656","8","-129","-17","-92","-6","2021-05-28 04:02:14"
"407657","8","-129","-17","-92","-6","2021-05-28 04:02:16"
"407658","8","-129","-17","-92","-7","2021-05-28 04:02:18"
"407659","8","-129","-17","-92","-7","2021-05-28 04:02:20"
"407660","8","-129","-17","-92","-7","2021-05-28 04:02:21"
"407661","8","-130","-18","-92","-7","2021-05-28 04:02:23"
"407662","8","-129","-17","-92","-7","2021-05-28 04:02:25"
"407663","8","-129","-17","-92","-7","2021-05-28 04:02:27"
"407664","8","-129","-17","-92","-6","2021-05-28 04:02:29"
"407665","8","-130","-18","-92","-7","2021-05-28 04:02:31"
"407666","8","-128","-16","-92","-6","2021-05-28 04:02:33"
"407667","8","-130","-18","-92","-7","2021-05-28 04:02:35"
"407668","8","-129","-17","-92","-6","2021-05-28 04:02:37"
"407669","8","-130","-18","-92","-7","2021-05-28 04:02:39"
"407670","8","-129","-17","-92","-7","2021-05-28 04:02:41"
"407671","8","-130","-18","-92","-7","2021-05-28 04:02:43"
"407672","8","-130","-18","-92","-7","2021-05-28 04:02:45"
"407673","8","-129","-17","-92","-6","2021-05-28 04:02:47"
"407674","8","-129","-17","-92","-6","2021-05-28 04:02:49"
"407675","8","-129","-17","-92","-6","2021-05-28 04:02:51"
"407676","8","-129","-17","-92","-6","2021-05-28 04:02:53"
"407677","8","-128","-16","-92","-6","2021-05-28 04:02:55"
"407678","8","-129","-17","-92","-6","2021-05-28 04:02:57"
"407679","8","-130","-18","-92","-6","2021-05-28 04:02:59"
"407680","8","-129","-17","-92","-6","2021-05-28 04:03:01"
"407681","8","-130","-18","-92","-7","2021-05-28 04:03:03"
"407682","8","-129","-17","-92","-6","2021-05-28 04:03:05"
"407683","8","-130","-18","-92","-7","2021-05-28 04:03:07"
"407684","8","-130","-18","-92","-7","2021-05-28 04:03:09"
"407685","8","-130","-18","-92","-7","2021-05-28 04:03:11"
"407686","8","-130","-18","-92","-7","2021-05-28 04:03:13"
"407687","8","-130","-18","-92","-7","2021-05-28 04:03:15"
"407688","8","-130","-18","-92","-6","2021-05-28 04:03:17"
"407689","8","-129","-17","-92","-7","2021-05-28 04:03:19"
"407690","8","-130","-18","-92","-7","2021-05-28 04:03:21"
"407691","8","-130","-18","-92","-7","2021-05-28 04:03:23"
"407692","8","-130","-18","-92","-7","2021-05-28 04:03:25"
"407693","8","-130","-18","-92","-7","2021-05-28 04:03:27"
"407694","8","-131","-19","-92","-7","2021-05-28 04:03:29"
"407695","8","-131","-19","-92","-8","2021-05-28 04:03:30"
"407696","8","-131","-19","-92","-7","2021-05-28 04:03:32"
"407697","8","-131","-19","-92","-7","2021-05-28 04:03:34"
"407698","8","-130","-18","-92","-7","2021-05-28 04:03:36"
"407699","8","-131","-19","-92","-7","2021-05-28 04:03:38"
"407700","8","-130","-18","-92","-6","2021-05-28 04:03:40"
"407701","8","-130","-18","-92","-7","2021-05-28 04:03:42"
"407702","8","-129","-17","-92","-6","2021-05-28 04:03:44"
"407703","8","-129","-17","-92","-6","2021-05-28 04:03:46"
"407704","8","-129","-17","-92","-7","2021-05-28 04:03:48"
"407705","8","-129","-18","-91","-6","2021-05-28 04:03:50"
"407706","8","-129","-17","-92","-6","2021-05-28 04:03:52"
"407707","8","-129","-17","-92","-6","2021-05-28 04:03:54"
"407708","8","-129","-17","-92","-6","2021-05-28 04:03:56"
"407709","8","-129","-17","-92","-6","2021-05-28 04:03:58"
"407710","8","-130","-18","-92","-6","2021-05-28 04:04:00"
"407711","8","-129","-17","-92","-7","2021-05-28 04:04:02"
"407712","8","-129","-17","-92","-6","2021-05-28 04:04:04"
"407713","8","-128","-16","-92","-6","2021-05-28 04:04:06"
"407714","8","-128","-16","-92","-6","2021-05-28 04:04:08"
"407715","8","-129","-17","-92","-5","2021-05-28 04:04:10"
"407716","8","-128","-16","-92","-6","2021-05-28 04:04:12"
"407717","8","-128","-16","-92","-6","2021-05-28 04:04:14"
"407718","8","-129","-17","-92","-6","2021-05-28 04:04:16"
"407719","8","-129","-17","-92","-6","2021-05-28 04:04:18"
"407720","8","-129","-17","-92","-6","2021-05-28 04:04:20"
"407721","8","-129","-17","-92","-7","2021-05-28 04:04:22"
"407722","8","-129","-18","-92","-7","2021-05-28 04:04:24"
"407723","8","-130","-18","-92","-7","2021-05-28 04:04:26"
"407724","8","-130","-18","-92","-7","2021-05-28 04:04:28"
"407725","8","-130","-18","-92","-7","2021-05-28 04:04:30"
"407726","8","-130","-18","-92","-7","2021-05-28 04:04:32"
"407727","8","-131","-19","-92","-7","2021-05-28 04:04:34"
"407728","8","-130","-18","-92","-8","2021-05-28 04:04:36"
"407729","8","-131","-19","-92","-8","2021-05-28 04:04:37"
"407730","8","-131","-19","-92","-8","2021-05-28 04:04:39"
"407731","8","-131","-19","-92","-7","2021-05-28 04:04:41"
"407732","8","-131","-19","-92","-8","2021-05-28 04:04:43"
"407733","8","-131","-19","-92","-7","2021-05-28 04:04:45"
"407734","8","-130","-18","-92","-8","2021-05-28 04:04:47"
"407735","8","-131","-19","-91","-7","2021-05-28 04:04:49"
"407736","8","-130","-18","-92","-7","2021-05-28 04:04:51"
"407737","8","-131","-19","-92","-7","2021-05-28 04:04:53"
"407738","8","-130","-18","-92","-7","2021-05-28 04:04:55"
"407739","8","-130","-18","-92","-7","2021-05-28 04:04:57"
"407740","8","-130","-18","-92","-7","2021-05-28 04:04:59"
"407741","8","-131","-19","-92","-7","2021-05-28 04:05:01"
"407742","8","-131","-19","-92","-7","2021-05-28 04:05:03"
"407743","8","-130","-18","-92","-7","2021-05-28 04:05:05"
"407744","8","-131","-19","-92","-8","2021-05-28 04:05:07"
"407745","8","-130","-18","-92","-7","2021-05-28 04:05:09"
"407746","8","-130","-18","-92","-7","2021-05-28 04:05:11"
"407747","8","-130","-18","-92","-7","2021-05-28 04:05:13"
"407748","8","-130","-18","-92","-7","2021-05-28 04:05:15"
"407749","8","-130","-18","-92","-7","2021-05-28 04:05:17"
"407750","8","-130","-18","-92","-7","2021-05-28 04:05:19"
"407751","8","-129","-17","-92","-7","2021-05-28 04:05:21"
"407752","8","-129","-17","-92","-6","2021-05-28 04:05:23"
"407753","8","-130","-18","-92","-7","2021-05-28 04:05:25"
"407754","8","-129","-17","-92","-6","2021-05-28 04:05:27"
"407755","8","-130","-18","-92","-7","2021-05-28 04:05:29"
"407756","8","-130","-18","-92","-7","2021-05-28 04:05:31"
"407757","8","-130","-18","-92","-7","2021-05-28 04:05:33"
"407758","8","-131","-19","-92","-7","2021-05-28 04:05:35"
"407759","8","-130","-18","-92","-7","2021-05-28 04:05:37"
"407760","8","-130","-18","-92","-7","2021-05-28 04:05:39"
"407761","8","-130","-18","-92","-7","2021-05-28 04:05:41"
"407762","8","-130","-18","-92","-7","2021-05-28 04:05:43"
"407763","8","-130","-18","-92","-7","2021-05-28 04:05:45"
"407764","8","-130","-18","-92","-7","2021-05-28 04:05:47"
"407765","8","-130","-18","-92","-7","2021-05-28 04:05:49"
"407766","8","-130","-18","-92","-7","2021-05-28 04:05:51"
"407767","8","-130","-18","-92","-8","2021-05-28 04:05:53"
"407768","8","-131","-19","-92","-7","2021-05-28 04:05:55"
"407769","8","-130","-18","-92","-7","2021-05-28 04:05:57"
"407770","8","-130","-18","-92","-7","2021-05-28 04:05:58"
"407771","8","-131","-19","-92","-7","2021-05-28 04:06:00"
"407772","8","-131","-19","-92","-7","2021-05-28 04:06:02"
"407773","8","-130","-18","-92","-7","2021-05-28 04:06:04"
"407774","8","-130","-18","-92","-6","2021-05-28 04:06:06"
"407775","8","-129","-17","-92","-6","2021-05-28 04:06:08"
"407776","8","-129","-17","-92","-6","2021-05-28 04:06:10"
"407777","8","-129","-17","-92","-6","2021-05-28 04:06:12"
"407778","8","-129","-17","-92","-6","2021-05-28 04:06:14"
"407779","8","-129","-17","-92","-6","2021-05-28 04:06:16"
"407780","8","-129","-17","-92","-6","2021-05-28 04:06:18"
"407781","8","-128","-16","-92","-6","2021-05-28 04:06:20"
"407782","8","-129","-17","-92","-6","2021-05-28 04:06:22"
"407783","8","-128","-16","-92","-6","2021-05-28 04:06:24"
"407784","8","-128","-16","-92","-6","2021-05-28 04:06:26"
"407785","8","-129","-17","-92","-6","2021-05-28 04:06:28"
"407786","8","-128","-16","-92","-6","2021-05-28 04:06:30"
"407787","8","-130","-18","-92","-7","2021-05-28 04:06:32"
"407788","8","-129","-17","-92","-6","2021-05-28 04:06:34"
"407789","8","-130","-18","-92","-7","2021-05-28 04:06:36"
"407790","8","-130","-18","-92","-7","2021-05-28 04:06:38"
"407791","8","-130","-17","-92","-7","2021-05-28 04:06:40"
"407792","8","-129","-18","-92","-7","2021-05-28 04:06:42"
"407793","8","-130","-18","-92","-6","2021-05-28 04:06:44"
"407794","8","-129","-17","-92","-7","2021-05-28 04:06:46"
"407795","8","-129","-17","-92","-6","2021-05-28 04:06:48"
"407796","8","-129","-17","-92","-6","2021-05-28 04:06:50"
"407797","8","-129","-17","-92","-6","2021-05-28 04:06:52"
"407798","8","-129","-17","-92","-6","2021-05-28 04:06:54"
"407799","8","-129","-17","-92","-6","2021-05-28 04:06:56"
"407800","8","-128","-16","-92","-6","2021-05-28 04:06:58"
"407801","8","-128","-16","-92","-5","2021-05-28 04:06:59"
"407802","8","-129","-18","-91","-6","2021-05-28 04:07:01"
"407803","8","-128","-16","-92","-6","2021-05-28 04:07:03"
"407804","8","-129","-17","-92","-6","2021-05-28 04:07:05"
"407805","8","-129","-17","-92","-6","2021-05-28 04:07:07"
"407806","8","-129","-17","-92","-6","2021-05-28 04:07:09"
"407807","8","-129","-17","-92","-7","2021-05-28 04:07:11"
"407808","8","-130","-18","-92","-7","2021-05-28 04:07:13"
"407809","8","-128","-16","-92","-6","2021-05-28 04:07:15"
"407810","8","-130","-18","-92","-7","2021-05-28 04:07:17"
"407811","8","-130","-18","-92","-7","2021-05-28 04:07:19"
"407812","8","-128","-16","-92","-6","2021-05-28 04:07:21"
"407813","8","-129","-17","-92","-6","2021-05-28 04:07:23"
"407814","8","-128","-16","-92","-6","2021-05-28 04:07:25"
"407815","8","-129","-17","-92","-6","2021-05-28 04:07:27"
"407816","8","-129","-17","-92","-6","2021-05-28 04:07:29"
"407817","8","-129","-17","-92","-6","2021-05-28 04:07:31"
"407818","8","-129","-17","-92","-6","2021-05-28 04:07:33"
"407819","8","-129","-17","-92","-6","2021-05-28 04:07:35"
"407820","8","-129","-17","-92","-6","2021-05-28 04:07:37"
"407821","8","-129","-17","-92","-6","2021-05-28 04:07:39"
"407822","8","-129","-17","-92","-7","2021-05-28 04:07:41"
"407823","8","-130","-18","-92","-7","2021-05-28 04:07:43"
"407824","8","-130","-18","-92","-7","2021-05-28 04:07:45"
"407825","8","-129","-17","-92","-6","2021-05-28 04:07:47"
"407826","8","-129","-17","-92","-6","2021-05-28 04:07:49"
"407827","8","-130","-18","-92","-7","2021-05-28 04:07:51"
"407828","8","-129","-17","-92","-6","2021-05-28 04:07:53"
"407829","8","-129","-17","-92","-7","2021-05-28 04:07:55"
"407830","8","-130","-18","-92","-6","2021-05-28 04:07:57"
"407831","8","-129","-17","-92","-6","2021-05-28 04:07:59"
"407832","8","-129","-17","-92","-6","2021-05-28 04:08:01"
"407833","8","-129","-17","-92","-6","2021-05-28 04:08:03"
"407834","8","-129","-17","-92","-6","2021-05-28 04:08:05"
"407835","8","-130","-18","-92","-7","2021-05-28 04:08:07"
"407836","8","-130","-18","-92","-7","2021-05-28 04:08:09"
"407837","8","-131","-19","-92","-7","2021-05-28 04:08:11"
"407838","8","-130","-18","-92","-7","2021-05-28 04:08:12"
"407839","8","-130","-18","-92","-7","2021-05-28 04:08:14"
"407840","8","-130","-18","-92","-7","2021-05-28 04:08:16"
"407841","8","-131","-19","-92","-7","2021-05-28 04:08:18"
"407842","8","-130","-18","-92","-7","2021-05-28 04:08:20"
"407843","8","-130","-18","-92","-7","2021-05-28 04:08:22"
"407844","8","-130","-18","-92","-7","2021-05-28 04:08:24"
"407845","8","-130","-18","-92","-7","2021-05-28 04:08:26"
"407846","8","-130","-18","-92","-7","2021-05-28 04:08:28"
"407847","8","-130","-18","-92","-7","2021-05-28 04:08:30"
"407848","8","-130","-18","-92","-6","2021-05-28 04:08:32"
"407849","8","-130","-18","-92","-7","2021-05-28 04:08:34"
"407850","8","-130","-18","-92","-7","2021-05-28 04:08:36"
"407851","8","-130","-18","-92","-7","2021-05-28 04:08:38"
"407852","8","-130","-18","-92","-6","2021-05-28 04:08:40"
"407853","8","-129","-17","-92","-6","2021-05-28 04:08:42"
"407854","8","-130","-18","-92","-7","2021-05-28 04:08:44"
"407855","8","-130","-18","-92","-7","2021-05-28 04:08:46"
"407856","8","-130","-18","-92","-7","2021-05-28 04:08:48"
"407857","8","-129","-17","-92","-6","2021-05-28 04:08:50"
"407858","8","-129","-17","-92","-6","2021-05-28 04:08:52"
"407859","8","-130","-18","-92","-7","2021-05-28 04:08:54"
"407860","8","-130","-18","-92","-7","2021-05-28 04:08:56"
"407861","8","-130","-17","-92","-6","2021-05-28 04:08:58"
"407862","8","-129","-18","-92","-7","2021-05-28 04:09:00"
"407863","8","-130","-17","-92","-6","2021-05-28 04:09:02"
"407864","8","-129","-17","-92","-6","2021-05-28 04:09:04"
"407865","8","-129","-17","-92","-7","2021-05-28 04:09:06"
"407866","8","-129","-17","-92","-7","2021-05-28 04:09:08"
"407867","8","-129","-17","-92","-7","2021-05-28 04:09:10"
"407868","8","-130","-18","-92","-7","2021-05-28 04:09:12"
"407869","8","-130","-18","-92","-8","2021-05-28 04:09:14"
"407870","8","-130","-18","-92","-8","2021-05-28 04:09:16"
"407871","8","-131","-19","-92","-8","2021-05-28 04:09:18"
"407872","8","-130","-18","-92","-7","2021-05-28 04:09:20"
"407873","8","-129","-17","-92","-7","2021-05-28 04:09:22"
"407874","8","-129","-17","-92","-6","2021-05-28 04:09:24"
"407875","8","-129","-17","-92","-7","2021-05-28 04:09:25"
"407876","8","-130","-18","-92","-7","2021-05-28 04:09:27"
"407877","8","-129","-17","-92","-7","2021-05-28 04:09:29"
"407878","8","-130","-18","-92","-7","2021-05-28 04:09:31"
"407879","8","-130","-18","-92","-7","2021-05-28 04:09:33"
"407880","8","-129","-17","-92","-7","2021-05-28 04:09:35"
"407881","8","-130","-18","-92","-7","2021-05-28 04:09:37"
"407882","8","-130","-18","-91","-7","2021-05-28 04:09:39"
"407883","8","-130","-18","-92","-7","2021-05-28 04:09:41"
"407884","8","-129","-17","-92","-7","2021-05-28 04:09:43"
"407885","8","-129","-17","-92","-6","2021-05-28 04:09:45"
"407886","8","-129","-17","-92","-6","2021-05-28 04:09:47"
"407887","8","-129","-17","-92","-6","2021-05-28 04:09:49"
"407888","8","-129","-17","-92","-6","2021-05-28 04:09:51"
"407889","8","-129","-17","-92","-6","2021-05-28 04:09:53"
"407890","8","-129","-17","-92","-6","2021-05-28 04:09:55"
"407891","8","-129","-17","-92","-6","2021-05-28 04:09:57"
"407892","8","-129","-17","-92","-6","2021-05-28 04:09:59"
"407893","8","-130","-18","-92","-6","2021-05-28 04:10:01"
"407894","8","-130","-18","-92","-7","2021-05-28 04:10:03"
"407895","8","-130","-18","-92","-7","2021-05-28 04:10:05"
"407896","8","-130","-18","-92","-7","2021-05-28 04:10:07"
"407897","8","-130","-18","-92","-7","2021-05-28 04:10:09"
"407898","8","-131","-19","-92","-7","2021-05-28 04:10:11"
"407899","8","-130","-18","-92","-7","2021-05-28 04:10:13"
"407900","8","-129","-17","-92","-6","2021-05-28 04:10:15"
"407901","8","-129","-17","-92","-6","2021-05-28 04:10:17"
"407902","8","-130","-18","-92","-6","2021-05-28 04:10:19"
"407903","8","-130","-18","-92","-7","2021-05-28 04:10:21"
"407904","8","-130","-18","-92","-6","2021-05-28 04:10:23"
"407905","8","-130","-18","-92","-7","2021-05-28 04:10:25"
"407906","8","-129","-17","-92","-6","2021-05-28 04:10:27"
"407907","8","-129","-17","-92","-6","2021-05-28 04:10:29"
"407908","8","-130","-18","-92","-7","2021-05-28 04:10:31"
"407909","8","-130","-18","-92","-7","2021-05-28 04:10:32"
"407910","8","-129","-17","-92","-6","2021-05-28 04:10:34"
"407911","8","-129","-17","-92","-6","2021-05-28 04:10:36"
"407912","8","-130","-18","-92","-7","2021-05-28 04:10:38"
"407913","8","-129","-17","-92","-7","2021-05-28 04:10:40"
"407914","8","-130","-18","-92","-7","2021-05-28 04:10:42"
"407915","8","-129","-17","-92","-7","2021-05-28 04:10:44"
"407916","8","-131","-19","-92","-7","2021-05-28 04:10:46"
"407917","8","-129","-17","-92","-6","2021-05-28 04:10:48"
"407918","8","-129","-17","-92","-7","2021-05-28 04:10:50"
"407919","8","-129","-17","-92","-6","2021-05-28 04:10:52"
"407920","8","-128","-16","-92","-6","2021-05-28 04:10:54"
"407921","8","-128","-16","-92","-6","2021-05-28 04:10:56"
"407922","8","-128","-16","-91","-5","2021-05-28 04:10:58"
"407923","8","-127","-16","-91","-6","2021-05-28 04:11:00"
"407924","8","-128","-16","-92","-6","2021-05-28 04:11:02"
"407925","8","-128","-16","-92","-6","2021-05-28 04:11:04"
"407926","8","-128","-16","-92","-6","2021-05-28 04:11:06"
"407927","8","-128","-16","-92","-6","2021-05-28 04:11:08"
"407928","8","-128","-17","-92","-7","2021-05-28 04:11:10"
"407929","8","-129","-18","-92","-7","2021-05-28 04:11:12"
"407930","8","-130","-18","-92","-7","2021-05-28 04:11:14"
"407931","8","-130","-18","-92","-8","2021-05-28 04:11:16"
"407932","8","-130","-18","-92","-7","2021-05-28 04:11:18"
"407933","8","-130","-18","-92","-7","2021-05-28 04:11:20"
"407934","8","-130","-18","-92","-7","2021-05-28 04:11:22"
"407935","8","-130","-18","-92","-7","2021-05-28 04:11:24"
"407936","8","-130","-18","-92","-7","2021-05-28 04:11:26"
"407937","8","-130","-18","-92","-7","2021-05-28 04:11:28"
"407938","8","-130","-18","-92","-7","2021-05-28 04:11:30"
"407939","8","-130","-18","-92","-7","2021-05-28 04:11:32"
"407940","8","-130","-18","-92","-7","2021-05-28 04:11:34"
"407941","8","-129","-18","-91","-7","2021-05-28 04:11:36"
"407942","8","-130","-18","-92","-7","2021-05-28 04:11:38"
"407943","8","-130","-18","-92","-7","2021-05-28 04:11:40"
"407944","8","-130","-18","-92","-8","2021-05-28 04:11:42"
"407945","8","-130","-18","-92","-8","2021-05-28 04:11:43"
"407946","8","-130","-18","-92","-7","2021-05-28 04:11:45"
"407947","8","-129","-17","-92","-7","2021-05-28 04:11:47"
"407948","8","-129","-17","-92","-7","2021-05-28 04:11:49"
"407949","8","-130","-18","-92","-7","2021-05-28 04:11:51"
"407950","8","-130","-18","-92","-7","2021-05-28 04:11:53"
"407951","8","-129","-17","-92","-7","2021-05-28 04:11:55"
"407952","8","-130","-18","-92","-7","2021-05-28 04:11:57"
"407953","8","-130","-18","-92","-7","2021-05-28 04:11:59"
"407954","8","-130","-18","-92","-7","2021-05-28 04:12:01"
"407955","8","-130","-18","-92","-7","2021-05-28 04:12:03"
"407956","8","-130","-18","-92","-7","2021-05-28 04:12:05"
"407957","8","-130","-18","-92","-7","2021-05-28 04:12:07"
"407958","8","-130","-18","-92","-8","2021-05-28 04:12:09"
